fecha_solicitud,nombre_completo,correo,celular,ciudad,ingresos_mensuales,ahorros,programa
2026-09-01,María Fernanda Ruiz,mfruiz@gmail.com,3105552211,Bogotá,8200000,31000000,aurora
2026-09-01,Carlos Andrés Peña,capena@hotmail.com,3124440099,Medellín,3200000,25000000,aurora
2026-09-02,Diana Marcela Ortiz,dm.ortiz@outlook.com,3157778844,Pereira,9100000,42000000,aurora
2026-09-02,Jorge Luis Camargo,jlcamargo@gmail.com,3001234567,Bogotá,5400000,0,aurora
2026-09-03,Sandra Milena Vargas,smvargas@gmail.com,3189990011,Cali,6100000,,aurora
2026-09-03,Ricardo Alonso Beltrán,rabeltran@gmail.com,3012223344,Barranquilla,9800000,41000000,bahia
2026-09-04,Paula Andrea Gómez,pagomez@yahoo.com,3145556677,Cartagena,7300000,22000000,bahia
2026-09-04,Andrés Felipe Lozano,aflozano@gmail.com,3178889900,Bogota,7900000,28000000,aurora
12/09/2026,Luz Adriana Mejía,lamejia@gmail.com,3196667788,Medellín,$6.400.000,$24.500.000,aurora
2026-09-05,Óscar Iván Restrepo,oirestrepo@gmail.com,,Cali,8800000,33000000,aurora
2026-09-05,Natalia Quintero,,,Santa Marta,7100000,36000000,bahia
2027-01-15,Felipe Santamaría,fsantamaria@gmail.com,3167774411,Bogotá,10200000,52000000,aurora
2026-09-06,Juan Camilo Torres,JCTORRES@Gmail.com,3118887766,Bogotá,9400000,38000000,aurora
15/09/2026,Laura Sofía Niño,lsnino@gmail.com,3133334455,Barranquilla,6900000,37000000,bahia
2026-09-07,Mónica Alejandra Díaz,madiaz@gmail.com,3151112233,Cartagena,5200000,39000000,bahia
2026-09-07,Esteban Ramírez Solano,eramirez@gmail.com,3169998877,Medellín,7600000,19500000,aurora
